pipeline,accuracy,f1,roc_auc,feature_type
Embeddings + LR,0.8171641791044776,0.3287671232876712,0.8491111111111111,embeddings
Embeddings + XGB,0.9365671641791045,0.2608695652173913,0.8251111111111111,embeddings
TF-IDF + LR,0.9253731343283582,0.16666666666666666,0.7764444444444445,tfidf
TF-IDF + XGB,0.9216417910447762,0.08695652173913043,0.673,tfidf
